Id,Heading,PositionX,PositionY,PositionZ
308e18ec-9144-4166-9d8b-d6565103dfe4,72.193085,298.14047,-584.45996,43.260853
65a224ec-bb98-4931-9141-2f48816fdf90,80.18012,-449.81253,-340.8752,34.501774
abc4bb47-e9c1-4279-92b3-3dc2b50b097e,-31.735722,1151.607,-1528.7936,35.184227
135b5a7d-6dfb-45df-82b7-24783b89183d,-149.19778,1839.2878,3672.8652,34.276737
3715bcf2-8dd2-49a8-afbb-1ac40df861ae,-146.07516,-247.96602,6330.9976,32.426186