Id,SpawnLocation,PositionX,PositionY,PositionZ
c1003af4-273b-4743-98ab-a020a78e00ba,1,109.02803,-1088.5417,29.30091
e95da6cf-3d2d-4c66-adc8-6a18afe76cc0,2,1894.2115,3715.0637,32.762226
60c30b36-de70-4902-8483-0296c1e297dd,3,-122.91341,6389.752,32.17763